{
    "name": "Rexhaif/Qwen3-4B-MT-Eval#medium@[gemba-esa]",
    "en-es / sys / pce": 0.6973205128205128,
    "en-es / seg / KendallWithTiesOpt": 0.6801868543441629
}