{
    "name": "Rexhaif/Qwen3-4B-MT-Eval#none@[gemba-da-like]",
    "en-es / sys / pce": 0.6741666666666666,
    "en-es / seg / KendallWithTiesOpt": 0.6817508334362317
}