{
    "name": "Rexhaif/Qwen3-4B-MT-Eval#low@[mt-ranking]",
    "ja-zh / sys / pce": 0.636076923076923,
    "ja-zh / seg / KendallWithTiesOpt": 0.4352106227106223
}