{
    "name": "Rexhaif/qwen3-4b-eval#unbounded@[gemba-esa]",
    "en-de / sys / pce": 0.7755367647058824,
    "en-de / seg / KendallWithTiesOpt": 0.4291883077666379
}