{
    "name": "Rexhaif/Qwen3-4B-MT-Eval#none@[gemba-esa]",
    "en-es / sys / pce": 0.6123974358974358,
    "en-es / seg / KendallWithTiesOpt": 0.6801868543441644
}