{
    "name": "Rexhaif/Qwen3-4B-MT-Eval#medium@[gemba-da-like]",
    "ja-zh / sys / pce": 0.8781923076923077,
    "ja-zh / seg / KendallWithTiesOpt": 0.5094322344322323
}