{
    "name": "Qwen/Qwen3-14B@[mt-ranking]",
    "en-de / sys / pce": 0.7544779411764706,
    "en-de / seg / KendallWithTiesOpt": 0.4566070781495348
}