{
    "name": "Rexhaif/Qwen3-4B-MT-Eval#high@[mt-ranking]",
    "en-es / sys / pce": 0.5641153846153846,
    "en-es / seg / KendallWithTiesOpt": 0.6801868543441595
}