{
    "name": "Qwen/Qwen3-4B@[gemba-esa]",
    "en-es / sys / pce": 0.5993589743589745,
    "en-es / seg / KendallWithTiesOpt": 0.6801868543441645
}