{
    "name": "Rexhaif/qwen3-4b-eval#unbounded@[gemba-esa]",
    "en-es / sys / pce": 0.6352051282051283,
    "en-es / seg / KendallWithTiesOpt": 0.6801868543441674
}