{
    "name": "Rexhaif/Qwen3-14B-MT-Eval@[mt-ranking]",
    "en-de / sys / pce": 0.7965882352941176,
    "en-de / seg / KendallWithTiesOpt": 0.4526361879454039
}