Model,en-de / sys / pce,en-de / seg / KendallWithTiesOpt,en-es / sys / pce,en-es / seg / KendallWithTiesOpt,ja-zh / sys / pce,ja-zh / seg / KendallWithTiesOpt
mt-ranker-3b,--,--,0.6777948717948719,0.6801868543441664,0.8205128205128205,0.47857142857142726
mt-ranker-1.5b,0.6435588235294118,0.43337057615654156,0.530320512820513,0.6802485903609578,0.7515000000000001,0.44333791208791257
dsr1-1.5b,--,--,0.4906025641025641,0.6802074330164294,0.31752564102564107,0.4352106227106224
qwen25-1-5b-simple,0.48230147058823525,0.4291883077666383,0.42032051282051275,0.6801868543441659,0.7782820512820513,0.4370421245421242
gpt-4o-mini-simple,0.8181029411764706,0.43196642106534633,0.8240769230769232,0.6801868543441663,0.8823076923076923,0.49141483516483303
