{
    "name": "Rexhaif/Qwen3-4B-MT-Eval#medium@[gemba-esa]",
    "en-de / sys / pce": 0.6686029411764707,
    "en-de / seg / KendallWithTiesOpt": 0.4291883077666385
}