{
    "name": "Qwen/Qwen3-4B@[gemba-esa]",
    "en-de / sys / pce": 0.7162205882352941,
    "en-de / seg / KendallWithTiesOpt": 0.4291883077666383
}