{
    "name": "Rexhaif/Qwen3-4B-MT-Eval#low@[gemba-da-like]",
    "en-de / sys / pce": 0.7718235294117647,
    "en-de / seg / KendallWithTiesOpt": 0.4605326730281419
}