{
    "name": "Rexhaif/Qwen3-4B-MT-Eval#low@[mt-ranking]",
    "en-de / sys / pce": 0.35387499999999994,
    "en-de / seg / KendallWithTiesOpt": 0.42918830776663813
}