{
    "name": "Rexhaif/Qwen3-4B-MT-Eval@[mt-ranking]",
    "ja-zh / sys / pce": 0.772576923076923,
    "ja-zh / seg / KendallWithTiesOpt": 0.43521062271062216
}