{
    "name": "Rexhaif/Qwen3-4B-MT-Eval#none@[mt-ranking]",
    "en-es / sys / pce": 0.5472051282051282,
    "en-es / seg / KendallWithTiesOpt": 0.6801868543441595
}