{
    "name": "Rexhaif/Qwen3-4B-MT-Eval#disabled@[gemba-esa]",
    "en-de / sys / pce": 0.7001397058823529,
    "en-de / seg / KendallWithTiesOpt": 0.4291883077666382
}