{
    "name": "Qwen/Qwen3-14B@[gemba-esa]",
    "ja-zh / sys / pce": 0.8514615384615385,
    "ja-zh / seg / KendallWithTiesOpt": 0.43521062271062116
}