{
    "name": "Qwen/Qwen3-14B@[gemba-da-like]",
    "ja-zh / sys / pce": 0.8882435897435897,
    "ja-zh / seg / KendallWithTiesOpt": 0.5021749084249072
}