{
    "name": "Rexhaif/Qwen3-4B-MT-Eval#low@[gemba-esa]",
    "ja-zh / sys / pce": 0.8332948717948718,
    "ja-zh / seg / KendallWithTiesOpt": 0.43521062271062155
}