{
    "name": "Rexhaif/Qwen3-4B-MT-Eval#high@[gemba-da-like]",
    "ja-zh / sys / pce": 0.8862179487179487,
    "ja-zh / seg / KendallWithTiesOpt": 0.5058836996337003
}