{
    "name": "Rexhaif/Qwen3-4B-MT-Eval#unbounded@[gemba-esa]",
    "en-de / sys / pce": 0.7122205882352941,
    "en-de / seg / KendallWithTiesOpt": 0.42918830776663763
}