{
    "name": "Qwen/Qwen3-14B@[mt-ranking]",
    "ja-zh / sys / pce": 0.8918974358974359,
    "ja-zh / seg / KendallWithTiesOpt": 0.493566849816848
}