{
    "name": "Rexhaif/Qwen3-4B-MT-Eval#disabled@[gemba-esa]",
    "en-es / sys / pce": 0.7191666666666667,
    "en-es / seg / KendallWithTiesOpt": 0.6801868543441645
}