{
    "name": "Rexhaif/Qwen3-4B-MT-Eval#high@[gemba-da-like]",
    "ja-zh / sys / pce": 0.893474358974359,
    "ja-zh / seg / KendallWithTiesOpt": 0.5130952380952387
}