{
    "name": "Rexhaif/Qwen3-4B-MT-Eval#low@[gemba-da-like]",
    "en-es / sys / pce": 0.6952307692307693,
    "en-es / seg / KendallWithTiesOpt": 0.6801868543441649
}