{
    "name": "Rexhaif/Qwen3-4B-MT-Eval@[gemba-da-like]",
    "en-de / sys / pce": 0.7963823529411764,
    "en-de / seg / KendallWithTiesOpt": 0.44854451020654673
}