{
    "name": "Rexhaif/Qwen3-4B-MT-Eval#medium@[gemba-da-like]",
    "en-es / sys / pce": 0.7153461538461539,
    "en-es / seg / KendallWithTiesOpt": 0.6809688438901974
}