{
    "name": "Rexhaif/Qwen3-4B-MT-Eval#high@[mt-ranking]",
    "ja-zh / sys / pce": 0.5304102564102565,
    "ja-zh / seg / KendallWithTiesOpt": 0.4352106227106223
}