{
    "name": "Rexhaif/Qwen3-4B-MT-Eval@[gemba-da-like]",
    "en-es / sys / pce": 0.7231282051282052,
    "en-es / seg / KendallWithTiesOpt": 0.6808453718566155
}