{
    "name": "Rexhaif/qwen3-4b-eval#unbounded@[mt-ranking]",
    "ja-zh / sys / pce": 0.5157948717948717,
    "ja-zh / seg / KendallWithTiesOpt": 0.4352106227106223
}