{
    "name": "",
    "ja-zh / sys / pce": 0.7027692307692308,
    "ja-zh / seg / KendallWithTiesOpt": 0.4499542124542118
}