{
    "name": "",
    "en-de / sys / pce": 0.5584044117647058,
    "en-de / seg / KendallWithTiesOpt": 0.4292034062084797
}