{
    "name": "",
    "en-es / sys / pce": 0.4906025641025641,
    "en-es / seg / KendallWithTiesOpt": 0.6802074330164294
}