{
    "name": "",
    "en-de / sys / pce": 0.550125,
    "en-de / seg / KendallWithTiesOpt": 0.42964126102186323
}