{
    "name": "",
    "ja-zh / sys / pce": 0.31752564102564107,
    "ja-zh / seg / KendallWithTiesOpt": 0.4352106227106224
}