{
    "name": "",
    "en-es / sys / pce": 0.4814487179487178,
    "en-es / seg / KendallWithTiesOpt": 0.6802074330164304
}