{
    "name": "",
    "en-es / sys / pce": 0.6777948717948719,
    "en-es / seg / KendallWithTiesOpt": 0.6801868543441664
}