{
    "name": "",
    "en-es / sys / pce": 0.530320512820513,
    "en-es / seg / KendallWithTiesOpt": 0.6802485903609578
}