{
    "name": "",
    "en-de / sys / pce": 0.6680441176470588,
    "en-de / seg / KendallWithTiesOpt": 0.43651105205942764
}