{
    "name": "",
    "en-de / sys / pce": 0.6435588235294118,
    "en-de / seg / KendallWithTiesOpt": 0.43337057615654156
}