{
    "name": "",
    "ja-zh / sys / pce": 0.8205128205128205,
    "ja-zh / seg / KendallWithTiesOpt": 0.47857142857142726
}