{
    "name": "",
    "ja-zh / sys / pce": 0.7515000000000001,
    "ja-zh / seg / KendallWithTiesOpt": 0.44333791208791257
}