{
    "name": "Rexhaif/Qwen3-4B-MT-Eval#high@[gemba-da-like]",
    "en-es / sys / pce": 0.6866794871794871,
    "en-es / seg / KendallWithTiesOpt": 0.680186854344163
}