{
    "name": "Rexhaif/qwen3-4b-eval#disabled@[gemba-da-like]",
    "ja-zh / sys / pce": 0.8833461538461539,
    "ja-zh / seg / KendallWithTiesOpt": 0.4524725274725267
}