{
    "name": "Rexhaif/Qwen3-4B-MT-Eval#high@[gemba-da-like]",
    "en-de / sys / pce": 0.7468455882352941,
    "en-de / seg / KendallWithTiesOpt": 0.4582679067520227
}