{
    "name": "Rexhaif/Qwen3-4B-MT-Eval#high@[gemba-da-like]",
    "en-de / sys / pce": 0.7445441176470589,
    "en-de / seg / KendallWithTiesOpt": 0.45955127430849113
}