{
    "name": "Rexhaif/qwen3-4b-eval#unbounded@[gemba-da-like]",
    "en-es / sys / pce": 0.6308076923076923,
    "en-es / seg / KendallWithTiesOpt": 0.6801868543441657
}