{
    "name": "Rexhaif/Qwen3-14B-MT-Eval@[gemba-da-like]",
    "en-es / sys / pce": 0.6549102564102565,
    "en-es / seg / KendallWithTiesOpt": 0.6801868543441633
}