{
    "name": "Rexhaif/Qwen3-4B-MT-Eval#none@[gemba-da-like]",
    "en-de / sys / pce": 0.7621323529411765,
    "en-de / seg / KendallWithTiesOpt": 0.4532552240608765
}