{
    "name": "Rexhaif/Qwen3-4B-MT-Eval#medium@[gemba-da-like]",
    "ja-zh / sys / pce": 0.8934358974358975,
    "ja-zh / seg / KendallWithTiesOpt": 0.4950778388278377
}