{
    "name": "Rexhaif/Qwen3-4B-MT-Eval#low@[gemba-da-like]",
    "ja-zh / sys / pce": 0.8654102564102564,
    "ja-zh / seg / KendallWithTiesOpt": 0.5137133699633711
}