{
    "name": "Rexhaif/Qwen3-4B-MT-Eval@[gemba-da-like]",
    "ja-zh / sys / pce": 0.8748589743589743,
    "ja-zh / seg / KendallWithTiesOpt": 0.5019230769230761
}