{
    "name": "Rexhaif/Qwen3-4B-MT-Eval@[gemba-da-like]",
    "ja-zh / sys / pce": 0.8636282051282052,
    "ja-zh / seg / KendallWithTiesOpt": 0.5095009157509153
}