{
    "name": "Rexhaif/Qwen3-4B-MT-Eval#unbounded@[gemba-da-like]",
    "en-de / sys / pce": 0.7713602941176471,
    "en-de / seg / KendallWithTiesOpt": 0.46320509723396525
}