{
    "name": "Rexhaif/qwen3-4b-eval#disabled@[gemba-esa]",
    "en-es / sys / pce": 0.6807564102564103,
    "en-es / seg / KendallWithTiesOpt": 0.6801868543441666
}