{
    "name": "Qwen/Qwen3-4B@[gemba-da-like]",
    "ja-zh / sys / pce": 0.4354743589743588,
    "ja-zh / seg / KendallWithTiesOpt": 0.43543956043955995
}