{
    "name": "Rexhaif/Qwen3-4B-MT-Eval#low@[gemba-esa]",
    "en-de / sys / pce": 0.6668308823529412,
    "en-de / seg / KendallWithTiesOpt": 0.42918830776663813
}