{
    "name": "Rexhaif/qwen3-4b-eval#disabled@[gemba-esa]",
    "en-de / sys / pce": 0.6315073529411765,
    "en-de / seg / KendallWithTiesOpt": 0.42918830776663863
}