{
    "name": "Rexhaif/Qwen3-4B-MT-Eval#none@[mt-ranking]",
    "ja-zh / sys / pce": 0.38097435897435905,
    "ja-zh / seg / KendallWithTiesOpt": 0.4352106227106223
}