{
    "name": "Rexhaif/qwen3-4b-eval#disabled@[mt-ranking]",
    "ja-zh / sys / pce": 0.28243589743589737,
    "ja-zh / seg / KendallWithTiesOpt": 0.4352106227106223
}