{
    "name": "Rexhaif/Qwen3-14B-MT-Eval@[gemba-esa]",
    "en-de / sys / pce": 0.7845367647058823,
    "en-de / seg / KendallWithTiesOpt": 0.4291883077666386
}