{
    "name": "Qwen/Qwen3-14B@[gemba-da-like]",
    "en-de / sys / pce": 0.797279411764706,
    "en-de / seg / KendallWithTiesOpt": 0.44833313202077607
}