{
    "name": "Qwen/Qwen3-14B@[gemba-esa]",
    "en-es / sys / pce": 0.7176794871794872,
    "en-es / seg / KendallWithTiesOpt": 0.6801868543441646
}