{
    "name": "Rexhaif/Qwen3-4B-MT-Eval@[mt-ranking]",
    "ja-zh / sys / pce": 0.8262564102564103,
    "ja-zh / seg / KendallWithTiesOpt": 0.4727335164835156
}