{
    "name": "Rexhaif/Qwen3-4B-MT-Eval#medium@[gemba-esa]",
    "ja-zh / sys / pce": 0.793525641025641,
    "ja-zh / seg / KendallWithTiesOpt": 0.4352106227106218
}