{
    "name": "Rexhaif/Qwen3-4B-MT-Eval#medium@[gemba-da-like]",
    "en-es / sys / pce": 0.7339487179487179,
    "en-es / seg / KendallWithTiesOpt": 0.6801868543441635
}