{
    "name": "Qwen/Qwen3-4B@[gemba-da-like]",
    "en-es / sys / pce": 0.45974358974358975,
    "en-es / seg / KendallWithTiesOpt": 0.6801868543441596
}