{
    "name": "Qwen/Qwen3-4B@[mt-ranking]",
    "en-de / sys / pce": 0.6818970588235294,
    "en-de / seg / KendallWithTiesOpt": 0.42918830776663763
}