{
    "name": "Rexhaif/qwen3-4b-eval#disabled@[gemba-da-like]",
    "en-de / sys / pce": 0.6868014705882353,
    "en-de / seg / KendallWithTiesOpt": 0.4362543785481344
}