{
    "name": "Rexhaif/Qwen3-4B-MT-Eval#low@[gemba-esa]",
    "ja-zh / sys / pce": 0.8329871794871795,
    "ja-zh / seg / KendallWithTiesOpt": 0.4352106227106219
}