{
    "name": "Rexhaif/Qwen3-4B-MT-Eval#medium@[gemba-esa]",
    "en-es / sys / pce": 0.7588333333333332,
    "en-es / seg / KendallWithTiesOpt": 0.6801868543441654
}