{
    "name": "Rexhaif/Qwen3-4B-MT-Eval#high@[gemba-da-like]",
    "en-es / sys / pce": 0.7043333333333333,
    "en-es / seg / KendallWithTiesOpt": 0.6801868543441629
}