{
    "name": "Rexhaif/Qwen3-4B-MT-Eval#high@[gemba-da-like]",
    "en-es / sys / pce": 0.7828205128205128,
    "en-es / seg / KendallWithTiesOpt": 0.6801868543441638
}