{
    "name": "Rexhaif/qwen3-4b-eval#unbounded@[mt-ranking]",
    "en-es / sys / pce": 0.5556923076923077,
    "en-es / seg / KendallWithTiesOpt": 0.6801868543441595
}