{
    "name": "Qwen/Qwen3-14B@[mt-ranking]",
    "en-es / sys / pce": 0.7705641025641026,
    "en-es / seg / KendallWithTiesOpt": 0.6805161131003908
}