{
    "name": "Rexhaif/Qwen3-4B-MT-Eval#low@[gemba-da-like]",
    "ja-zh / sys / pce": 0.8468717948717949,
    "ja-zh / seg / KendallWithTiesOpt": 0.4855540293040297
}