{
    "name": "Qwen/Qwen3-4B@[gemba-esa]",
    "ja-zh / sys / pce": 0.8190897435897435,
    "ja-zh / seg / KendallWithTiesOpt": 0.4352106227106218
}