{
    "name": "Rexhaif/Qwen3-4B-MT-Eval#medium@[mt-ranking]",
    "ja-zh / sys / pce": 0.42725641025641026,
    "ja-zh / seg / KendallWithTiesOpt": 0.4352106227106223
}