{
    "name": "Rexhaif/Qwen3-4B-MT-Eval#low@[mt-ranking]",
    "en-es / sys / pce": 0.6476538461538461,
    "en-es / seg / KendallWithTiesOpt": 0.6801868543441595
}