{
    "name": "Qwen/Qwen3-4B@[gemba-da-like]",
    "en-de / sys / pce": 0.5219338235294118,
    "en-de / seg / KendallWithTiesOpt": 0.429429882836091
}