{
    "name": "Rexhaif/Qwen3-4B-MT-Eval#none@[gemba-esa]",
    "en-de / sys / pce": 0.6121323529411764,
    "en-de / seg / KendallWithTiesOpt": 0.42918830776663863
}