{
    "name": "Qwen/Qwen3-14B@[gemba-da-like]",
    "en-es / sys / pce": 0.7898333333333334,
    "en-es / seg / KendallWithTiesOpt": 0.6801868543441651
}