{
    "name": "Rexhaif/Qwen3-4B-MT-Eval#low@[gemba-esa]",
    "en-es / sys / pce": 0.6626923076923077,
    "en-es / seg / KendallWithTiesOpt": 0.6801868543441654
}