{
    "name": "Rexhaif/Qwen3-4B-MT-Eval#medium@[gemba-da-like]",
    "en-de / sys / pce": 0.7321102941176472,
    "en-de / seg / KendallWithTiesOpt": 0.4542517212223694
}