{
    "name": "Rexhaif/qwen3-4b-eval#disabled@[gemba-esa]",
    "ja-zh / sys / pce": 0.7012692307692308,
    "ja-zh / seg / KendallWithTiesOpt": 0.43521062271062144
}