{
    "name": "Rexhaif/Qwen3-14B-MT-Eval@[gemba-esa]",
    "en-es / sys / pce": 0.7904615384615384,
    "en-es / seg / KendallWithTiesOpt": 0.6801868543441655
}