{
    "name": "Rexhaif/Qwen3-4B-MT-Eval#medium@[mt-ranking]",
    "en-de / sys / pce": 0.4169044117647057,
    "en-de / seg / KendallWithTiesOpt": 0.42918830776663813
}