{
    "name": "Rexhaif/Qwen3-4B-MT-Eval#unbounded@[gemba-da-like]",
    "en-de / sys / pce": 0.7340882352941176,
    "en-de / seg / KendallWithTiesOpt": 0.45690904698634976
}