{
    "name": "Rexhaif/Qwen3-4B-MT-Eval#unbounded@[gemba-esa]",
    "en-es / sys / pce": 0.6126923076923076,
    "en-es / seg / KendallWithTiesOpt": 0.6801868543441638
}