{
    "name": "Rexhaif/Qwen3-4B-MT-Eval#medium@[gemba-da-like]",
    "ja-zh / sys / pce": 0.8907692307692308,
    "ja-zh / seg / KendallWithTiesOpt": 0.5064331501831494
}