{
    "name": "Rexhaif/Qwen3-4B-MT-Eval@[gemba-esa]",
    "en-de / sys / pce": 0.7248235294117646,
    "en-de / seg / KendallWithTiesOpt": 0.42918830776663824
}