{
    "name": "Rexhaif/Qwen3-4B-MT-Eval#medium@[mt-ranking]",
    "en-es / sys / pce": 0.49021794871794877,
    "en-es / seg / KendallWithTiesOpt": 0.6801868543441595
}