{
    "name": "Rexhaif/Qwen3-4B-MT-Eval#high@[gemba-esa]",
    "ja-zh / sys / pce": 0.8483461538461539,
    "ja-zh / seg / KendallWithTiesOpt": 0.4352106227106215
}