{
    "name": "Rexhaif/Qwen3-4B-MT-Eval#none@[mt-ranking]",
    "en-de / sys / pce": 0.4705661764705882,
    "en-de / seg / KendallWithTiesOpt": 0.42918830776663813
}