{
    "name": "Rexhaif/qwen3-4b-eval#unbounded@[gemba-esa]",
    "ja-zh / sys / pce": 0.7906538461538462,
    "ja-zh / seg / KendallWithTiesOpt": 0.4402243589743576
}