{
    "name": "Qwen/Qwen3-4B@[mt-ranking]",
    "ja-zh / sys / pce": 0.8871282051282051,
    "ja-zh / seg / KendallWithTiesOpt": 0.43521062271062205
}