{
    "name": "Rexhaif/Qwen3-4B-MT-Eval#high@[gemba-da-like]",
    "en-de / sys / pce": 0.7600808823529412,
    "en-de / seg / KendallWithTiesOpt": 0.45686375166082815
}