{
    "name": "Rexhaif/Qwen3-14B-MT-Eval@[gemba-da-like]",
    "ja-zh / sys / pce": 0.9183974358974359,
    "ja-zh / seg / KendallWithTiesOpt": 0.5303571428571437
}