{
    "name": "Rexhaif/Qwen3-4B-MT-Eval#medium@[gemba-esa]",
    "en-de / sys / pce": 0.7229852941176471,
    "en-de / seg / KendallWithTiesOpt": 0.42918830776663813
}