{
    "name": "Rexhaif/Qwen3-4B-MT-Eval#high@[gemba-esa]",
    "en-es / sys / pce": 0.5878333333333333,
    "en-es / seg / KendallWithTiesOpt": 0.6801868543441639
}