{
    "name": "Rexhaif/Qwen3-14B-MT-Eval@[gemba-da-like]",
    "en-de / sys / pce": 0.7513014705882353,
    "en-de / seg / KendallWithTiesOpt": 0.4597475540524207
}