{
    "name": "Qwen/Qwen3-4B@[mt-ranking]",
    "en-es / sys / pce": 0.6251282051282052,
    "en-es / seg / KendallWithTiesOpt": 0.6801868543441623
}