{
    "name": "Rexhaif/qwen3-4b-eval#unbounded@[gemba-da-like]",
    "en-de / sys / pce": 0.7651691176470589,
    "en-de / seg / KendallWithTiesOpt": 0.4297016547892253
}