{
    "name": "Rexhaif/Qwen3-4B-MT-Eval#none@[gemba-esa]",
    "ja-zh / sys / pce": 0.8493589743589743,
    "ja-zh / seg / KendallWithTiesOpt": 0.4355540293040287
}