{
    "name": "Rexhaif/Qwen3-14B-MT-Eval@[mt-ranking]",
    "ja-zh / sys / pce": 0.8866538461538461,
    "ja-zh / seg / KendallWithTiesOpt": 0.4888507326007309
}