{
    "name": "Rexhaif/Qwen3-4B-MT-Eval#high@[gemba-esa]",
    "en-de / sys / pce": 0.6602941176470589,
    "en-de / seg / KendallWithTiesOpt": 0.4291883077666387
}