{
    "name": "Qwen/Qwen3-14B@[gemba-esa]",
    "en-de / sys / pce": 0.7401176470588235,
    "en-de / seg / KendallWithTiesOpt": 0.42918830776663813
}