{
    "name": "Rexhaif/Qwen3-14B-MT-Eval@[gemba-esa]",
    "ja-zh / sys / pce": 0.8553076923076923,
    "ja-zh / seg / KendallWithTiesOpt": 0.43521062271062144
}