{
    "name": "Rexhaif/Qwen3-4B-MT-Eval#high@[gemba-esa]",
    "ja-zh / sys / pce": 0.837923076923077,
    "ja-zh / seg / KendallWithTiesOpt": 0.43521062271062194
}