{
    "name": "Rexhaif/Qwen3-4B-MT-Eval#low@[gemba-da-like]",
    "en-es / sys / pce": 0.7157051282051282,
    "en-es / seg / KendallWithTiesOpt": 0.6804337984113321
}