{
    "name": "Rexhaif/Qwen3-4B-MT-Eval#medium@[gemba-esa]",
    "ja-zh / sys / pce": 0.8109615384615385,
    "ja-zh / seg / KendallWithTiesOpt": 0.43521062271062166
}