{
    "name": "Rexhaif/qwen3-4b-eval#unbounded@[gemba-da-like]",
    "ja-zh / sys / pce": 0.8372692307692308,
    "ja-zh / seg / KendallWithTiesOpt": 0.4766483516483498
}